{
  "small": 76.04373757455268,
  "medium": 77.33598409542743,
  "large": 75.7455268389662,
  "asymmetric_time": 77.53479125248509,
  "asymmetric_freq": 74.95029821073558,
  "mixed": 76.24254473161034
}